Escenario,Usuarios,Starter (‚Ç¨25),Professional (‚Ç¨55),Premium (‚Ç¨150),Total Ingresos,Costos Fijos,Costos Variables,Beneficio Bruto,Beneficio Neto,Margen Neto
Escenario Conservador,50,20,25,5,‚Ç¨2.425,‚Ç¨70,‚Ç¨35,‚Ç¨2.320,‚Ç¨2.285,94.23%
Escenario Realista,100,15,70,15,‚Ç¨5.125,‚Ç¨70,‚Ç¨70,‚Ç¨4.985,‚Ç¨4.915,95.90%
Escenario Optimista,200,20,150,30,‚Ç¨10.400,‚Ç¨70,‚Ç¨140,‚Ç¨10.190,‚Ç¨10.050,96.63%
Escenario Empresarial,500,25,400,75,‚Ç¨25.875,‚Ç¨70,‚Ç¨350,‚Ç¨25.455,‚Ç¨25.105,97.02%
Escenario M√°ximo,1000,50,800,150,‚Ç¨51.750,‚Ç¨70,‚Ç¨700,‚Ç¨50.980,‚Ç¨50.210,97.06%

AN√ÅLISIS DE DISTRIBUCI√ìN DE USUARIOS:
- Starter (‚Ç¨25): 10-20% de usuarios (principiantes)
- Professional (‚Ç¨55): 70-80% de usuarios (plan m√°s popular) ‚≠ê
- Premium (‚Ç¨150): 5-15% de usuarios (cl√≠nicas grandes) üöÄ

BENEFICIOS CLAVE:
- Professional es el m√°s atractivo (mejor relaci√≥n calidad-precio)
- Premium justifica su precio con almacenamiento ilimitado
- Margen neto superior al 95% en todos los escenarios
- Escalabilidad excelente sin aumento proporcional de costos
